iter	AUC	Logloss
0	0.9344356188	0.6615110929
1	0.9345539862	0.6326391425
